,datetime,open,high,low,close,volume
0,2020-04-01 11:00:00,249.46,249.67,248.37,249.12,334808
1,2020-04-01 11:30:00,249.1,249.69,248.7,248.75,525488
2,2020-04-01 12:00:00,248.74,257.75,247.29,248.41,1244489
3,2020-04-01 12:30:00,248.31,249.45,248.25,248.5,906768
4,2020-04-01 13:00:00,248.58,249.3,247.41,247.95,1166235
5,2020-04-01 13:30:00,247.98,249.88,247.61,248.89,14265958
6,2020-04-01 14:00:00,248.92,250.45,248.18,249.45,10551857
7,2020-04-01 14:30:00,249.45,250.72,249.04,250.23,7393544
8,2020-04-01 15:00:00,250.22,251.44,249.29,249.41,7129533
9,2020-04-01 15:30:00,249.42,250.03,248.27,248.75,6661412
10,2020-04-01 16:00:00,248.72,248.76,247.2,247.31,8005410
11,2020-04-01 16:30:00,247.315,247.94,245.81,246.242,8653331
12,2020-04-01 17:00:00,246.225,247.55,245.94,247.1,6626397
13,2020-04-01 17:30:00,247.105,248.15,246.42,247.9,5438394
14,2020-04-01 18:00:00,247.9,248.7101,246.92,247.21,6614339
15,2020-04-01 18:30:00,247.21,247.34,245.73,245.79,5763656
16,2020-04-01 19:00:00,245.775,246.48,245.01,245.01,7346279
17,2020-04-01 19:30:00,245.02,247.24,243.9,246.12,23468679
18,2020-04-01 20:00:00,246.12,248.6285,245.1,245.28,5129765
19,2020-04-01 20:30:00,245.26,246.27,245.26,246.12,662715
20,2020-04-01 21:00:00,246.12,246.12,245.85,245.88,181802
21,2020-04-01 21:30:00,245.88,246.14,245.75,246.14,76726
22,2020-04-01 22:00:00,246.14,247.9,246.14,247.0,401238
23,2020-04-01 22:30:00,246.98,247.36,246.15,246.5,363898
24,2020-04-01 23:00:00,246.49,247.03,246.07,246.88,196142
25,2020-04-01 23:30:00,246.9,247.59,246.77,247.5,175091
26,2020-04-02 00:00:00,247.88,248.0,247.44,247.69,4533
27,2020-04-02 00:30:00,247.77,247.77,247.33,247.5,2585
28,2020-04-02 01:00:00,247.57,247.57,247.1,247.1,3669
29,2020-04-02 01:30:00,247.23,247.5,247.12,247.12,2365
30,2020-04-02 02:00:00,247.12,248.25,247.12,248.2,6629
31,2020-04-02 02:30:00,248.1,248.93,248.1,248.68,6622
32,2020-04-02 03:00:00,248.96,249.27,248.62,249.1,2895
33,2020-04-02 03:30:00,249.19,249.27,248.73,248.73,1608
34,2020-04-02 04:00:00,248.73,248.73,248.23,248.23,931
35,2020-04-02 04:30:00,248.24,249.0,248.08,248.15,1087
36,2020-04-02 05:00:00,248.14,248.39,247.11,247.88,2418
37,2020-04-02 05:30:00,248.17,248.55,248.02,248.55,459
38,2020-04-02 06:00:00,248.67,249.4,248.67,249.27,1282
39,2020-04-02 06:30:00,248.8,249.35,248.7,249.35,706
40,2020-04-02 07:00:00,249.39,249.95,249.13,249.55,860
41,2020-04-02 07:30:00,249.78,249.8,249.11,249.23,1005
42,2020-04-02 08:00:00,249.53,250.63,249.53,250.27,268344
43,2020-04-02 08:30:00,250.22,250.45,249.53,249.67,355014
44,2020-04-02 09:00:00,249.65,249.86,249.28,249.61,51911
45,2020-04-02 09:30:00,249.72,249.83,248.89,249.05,70566
46,2020-04-02 10:00:00,249.02,249.67,248.5,249.52,91892
47,2020-04-02 10:30:00,249.55,249.71,249.02,249.48,135992
48,2020-04-02 11:00:00,249.46,249.53,248.65,249.15,277541
49,2020-04-02 11:30:00,249.16,250.02,248.8,249.88,261033
50,2020-04-02 12:00:00,249.9,250.18,248.68,248.96,818686
51,2020-04-02 12:30:00,248.88,249.36,245.27,246.13,2304837
52,2020-04-02 13:00:00,246.13,246.64,242.94,245.2,2127962
53,2020-04-02 13:30:00,245.2,248.03,244.59,246.5,14773394
54,2020-04-02 14:00:00,246.51,249.09,246.15,249.05,8272654
55,2020-04-02 14:30:00,249.02,252.68,248.67,250.86,18092390
56,2020-04-02 15:00:00,250.85,251.34,248.67,249.22,9198491
57,2020-04-02 15:30:00,249.2,251.32,248.88,250.795,7213167
58,2020-04-02 16:00:00,250.8,251.95,250.39,250.5401,6311077
59,2020-04-02 16:30:00,250.55,251.5,250.205,250.98,4543738
60,2020-04-02 17:00:00,251.0,251.72,247.82,248.0,9256915
61,2020-04-02 17:30:00,248.0,249.24,247.53,248.25,6345784
62,2020-04-02 18:00:00,248.26,248.3,245.93,247.72,8458866
63,2020-04-02 18:30:00,247.7001,249.3479,246.82,249.31,5853815
64,2020-04-02 19:00:00,249.3,250.21,248.5,249.6423,7068832
65,2020-04-02 19:30:00,249.6499,252.26,248.37,251.87,20606985
66,2020-04-02 20:00:00,251.88,252.81,250.9446,251.95,7092508
67,2020-04-02 20:30:00,251.95,253.0,251.8,251.93,874155
68,2020-04-02 21:00:00,251.86,252.05,251.64,251.65,141105
69,2020-04-02 21:30:00,251.65,251.99,251.55,251.95,124822
70,2020-04-02 22:00:00,251.89,252.73,251.15,252.3899,336115
71,2020-04-02 22:30:00,252.39,252.39,251.57,252.12,165590
72,2020-04-02 23:00:00,252.12,252.37,251.51,251.66,101823
73,2020-04-02 23:30:00,251.65,251.65,250.25,250.79,349297
74,2020-04-03 00:00:00,250.87,251.41,249.98,250.49,6217
75,2020-04-03 00:30:00,250.43,250.8,249.78,249.9,4567
76,2020-04-03 01:00:00,249.83,250.34,249.55,250.0,2417
77,2020-04-03 01:30:00,250.35,250.86,250.35,250.62,5512
78,2020-04-03 02:00:00,250.6,250.6,249.84,249.95,635
79,2020-04-03 02:30:00,249.91,250.4,249.86,250.28,716
80,2020-04-03 03:00:00,250.16,250.16,249.79,249.79,667
81,2020-04-03 03:30:00,249.8,249.8,249.5,249.55,1261
82,2020-04-03 04:00:00,249.57,249.57,249.0,249.07,4025
83,2020-04-03 04:30:00,249.01,249.14,248.55,248.61,6729
84,2020-04-03 05:00:00,248.79,248.79,248.2,248.2,5265
85,2020-04-03 05:30:00,248.2,249.62,248.2,249.62,3972
86,2020-04-03 06:00:00,249.54,249.54,248.75,249.02,1565
87,2020-04-03 06:30:00,249.37,249.97,249.37,249.97,2212
88,2020-04-03 07:00:00,249.85,250.22,248.82,249.11,2966
89,2020-04-03 07:30:00,249.5,250.2,249.5,250.17,1450
90,2020-04-03 08:00:00,250.0,250.26,249.0,249.05,34671
91,2020-04-03 08:30:00,249.29,249.29,248.44,249.14,32173
92,2020-04-03 09:00:00,249.14,249.45,248.23,248.79,40544
93,2020-04-03 09:30:00,248.68,249.44,248.02,249.42,53103
94,2020-04-03 10:00:00,249.45,249.7,248.8,249.05,50651
95,2020-04-03 10:30:00,248.91,249.82,248.91,249.6,60093
96,2020-04-03 11:00:00,249.59,250.0,249.38,249.79,144181
97,2020-04-03 11:30:00,249.75,253.03,249.75,252.65,657205
98,2020-04-03 12:00:00,252.68,252.97,249.84,250.11,1196770
99,2020-04-03 12:30:00,250.1,252.19,248.75,251.32,2079034
100,2020-04-03 13:00:00,251.32,252.5499,250.5,250.74,1282605
101,2020-04-03 13:30:00,250.76,253.32,250.48,251.8,11838133
102,2020-04-03 14:00:00,251.85,252.74,249.8809,250.17,7765742
103,2020-04-03 14:30:00,250.23,250.53,248.78,249.64,7223575
104,2020-04-03 15:00:00,249.63,250.29,247.95,248.47,6974949
105,2020-04-03 15:30:00,248.47,249.15,247.4,248.217,6801265
106,2020-04-03 16:00:00,248.21,248.55,246.35,247.0201,5770947
107,2020-04-03 16:30:00,247.0209,248.05,246.81,247.575,5900664
108,2020-04-03 17:00:00,247.5758,248.18,246.57,246.7,3788213
109,2020-04-03 17:30:00,246.69,246.79,245.65,246.09,5117404
110,2020-04-03 18:00:00,246.08,246.93,245.22,246.82,6393568
111,2020-04-03 18:30:00,246.82,247.78,245.64,247.71,5647523
112,2020-04-03 19:00:00,247.7,248.26,246.6469,247.3816,7859699
113,2020-04-03 19:30:00,247.385,249.17,245.86,248.21,20215300
114,2020-04-03 20:00:00,248.24,249.1,247.8591,248.55,4460328
115,2020-04-03 20:30:00,248.55,248.82,248.14,248.36,435892
116,2020-04-03 21:00:00,248.2,248.6,248.19,248.46,236762
117,2020-04-03 21:30:00,248.47,248.5,248.19,248.33,109890
118,2020-04-03 22:00:00,248.28,248.4,248.01,248.02,53379
119,2020-04-03 22:30:00,248.02,248.02,247.8,247.86,68226
120,2020-04-03 23:00:00,247.94,248.09,247.74,247.74,57590
121,2020-04-03 23:30:00,247.73,247.99,247.53,247.92,66967
122,2020-04-06 00:00:00,250.1,254.43,250.1,254.28,15391
123,2020-04-06 00:30:00,254.28,257.01,254.17,255.63,14722
124,2020-04-06 01:00:00,255.63,256.1,255.29,255.29,5962
125,2020-04-06 01:30:00,255.48,255.51,254.88,255.21,11485
126,2020-04-06 02:00:00,255.21,256.12,255.2,256.1,13352
127,2020-04-06 02:30:00,255.8,256.4,255.29,256.4,3638
128,2020-04-06 03:00:00,256.38,256.51,256.03,256.4,4078
129,2020-04-06 03:30:00,256.4,257.2,256.4,257.0,3025
130,2020-04-06 04:00:00,257.17,257.55,256.98,257.3,2916
131,2020-04-06 04:30:00,257.27,257.5,256.59,257.27,3781
132,2020-04-06 05:00:00,257.5,257.5,256.66,256.78,2547
133,2020-04-06 05:30:00,257.08,259.0,257.08,258.88,4286
134,2020-04-06 06:00:00,258.52,259.0,257.48,258.27,4021
135,2020-04-06 06:30:00,258.21,258.77,257.8,257.9,2320
136,2020-04-06 07:00:00,257.85,258.86,257.85,258.86,789
137,2020-04-06 07:30:00,258.79,258.86,258.79,258.8,1139
138,2020-04-06 08:00:00,258.24,258.7,257.01,257.7,160669
139,2020-04-06 08:30:00,257.68,258.2,257.01,258.2,72982
140,2020-04-06 09:00:00,258.18,258.37,257.53,258.25,190910
141,2020-04-06 09:30:00,258.27,258.69,257.94,258.35,71225
142,2020-04-06 10:00:00,258.34,258.49,257.4,257.45,413733
143,2020-04-06 10:30:00,257.34,258.13,257.3,257.84,101577
144,2020-04-06 11:00:00,257.97,257.99,257.35,257.8,409343
145,2020-04-06 11:30:00,257.75,258.11,257.46,257.71,320842
146,2020-04-06 12:00:00,257.69,257.69,256.67,257.02,575347
147,2020-04-06 12:30:00,257.05,258.08,256.93,257.9,630409
148,2020-04-06 13:00:00,257.89,258.32,257.49,257.89,997365
149,2020-04-06 13:30:00,257.84,259.99,256.725,259.7979,13164548
150,2020-04-06 14:00:00,259.79,260.81,259.47,259.7,9242090
151,2020-04-06 14:30:00,259.7,260.19,258.72,259.33,8077562
152,2020-04-06 15:00:00,259.33,260.3,258.91,260.25,5893742
153,2020-04-06 15:30:00,260.24,261.24,259.77,260.85,6405386
154,2020-04-06 16:00:00,260.88,262.5,260.67,262.13,9646865
155,2020-04-06 16:30:00,262.1389,262.41,261.54,262.38,6212908
156,2020-04-06 17:00:00,262.385,262.5,261.68,262.035,5209075
157,2020-04-06 17:30:00,262.0379,262.955,261.58,262.81,5809689
158,2020-04-06 18:00:00,262.8,262.83,261.28,261.67,6675837
159,2020-04-06 18:30:00,261.72,262.59,261.4,262.43,4969885
160,2020-04-06 19:00:00,262.43,263.15,261.74,263.025,9147024
161,2020-04-06 19:30:00,263.027,267.0,262.65,264.97,36564269
162,2020-04-06 20:00:00,264.94,265.6109,262.6165,264.85,12042819
163,2020-04-06 20:30:00,264.87,265.1,264.65,264.96,1819122
164,2020-04-06 21:00:00,264.99,265.13,264.85,265.0,258504
165,2020-04-06 21:30:00,265.0,265.22,264.8,264.85,130124
166,2020-04-06 22:00:00,264.85,265.08,263.99,264.2,424072
167,2020-04-06 22:30:00,264.22,264.47,263.73,264.11,114811
168,2020-04-06 23:00:00,264.1,265.68,264.0,265.18,220999
169,2020-04-06 23:30:00,265.24,266.61,265.13,266.55,543863
170,2020-04-07 00:00:00,267.0,267.0,265.9,265.9,4688
171,2020-04-07 00:30:00,266.13,266.2,265.12,265.79,9172
172,2020-04-07 01:00:00,266.1,266.1,265.11,265.19,3362
173,2020-04-07 01:30:00,265.26,265.26,263.88,264.25,13059
174,2020-04-07 02:00:00,264.25,264.44,263.78,263.81,8753
175,2020-04-07 02:30:00,264.18,264.75,264.14,264.71,2831
176,2020-04-07 03:00:00,264.71,264.94,263.99,263.99,2229
177,2020-04-07 03:30:00,264.0,264.01,262.95,263.02,18627
178,2020-04-07 04:00:00,263.03,263.85,263.0,263.5,2553
179,2020-04-07 04:30:00,263.6,264.82,263.46,264.82,13210
180,2020-04-07 05:00:00,264.86,264.97,264.31,264.38,1247
181,2020-04-07 05:30:00,264.76,266.5,264.76,266.25,1191
182,2020-04-07 06:00:00,265.94,268.36,265.94,267.91,7009
183,2020-04-07 06:30:00,268.06,269.41,267.62,269.39,3551
184,2020-04-07 07:00:00,269.29,270.07,267.59,269.09,5378
185,2020-04-07 07:30:00,268.68,271.85,268.4,271.43,3545
186,2020-04-07 08:00:00,270.75,272.26,270.48,271.99,148600
187,2020-04-07 08:30:00,271.97,271.97,270.71,270.75,84335
188,2020-04-07 09:00:00,270.78,272.2,270.71,271.7,116964
189,2020-04-07 09:30:00,271.6,272.08,271.32,271.77,68261
190,2020-04-07 10:00:00,271.81,274.64,271.62,273.61,449172
191,2020-04-07 10:30:00,273.57,274.11,272.73,274.02,425023
192,2020-04-07 11:00:00,274.02,274.07,272.7,273.15,812757
193,2020-04-07 11:30:00,273.15,273.23,271.92,272.04,848321
194,2020-04-07 12:00:00,272.04,272.74,271.77,271.77,953918
195,2020-04-07 12:30:00,271.81,273.65,271.78,273.47,1125041
196,2020-04-07 13:00:00,273.47,274.43,272.86,274.23,2392417
197,2020-04-07 13:30:00,274.21,275.03,271.83,273.75,21516252
198,2020-04-07 14:00:00,273.76,273.98,269.28,269.64,14512868
199,2020-04-07 14:30:00,269.66,271.0699,268.02,269.03,8831264
200,2020-04-07 15:00:00,269.015,271.26,268.3,271.167,9217021
201,2020-04-07 15:30:00,271.16,272.54,271.03,271.4873,8352980
202,2020-04-07 16:00:00,271.5,273.92,271.44,273.13,7970694
203,2020-04-07 16:30:00,273.14,273.27,272.08,272.65,5808834
204,2020-04-07 17:00:00,272.64,273.25,271.47,272.15,5887007
205,2020-04-07 17:30:00,272.17,272.23,270.53,270.78,5518741
206,2020-04-07 18:00:00,270.78,270.9,268.52,269.45,8587290
207,2020-04-07 18:30:00,269.4498,269.93,266.15,266.71,11450515
208,2020-04-07 19:00:00,266.725,269.0475,265.62,265.9879,15294962
209,2020-04-07 19:30:00,265.99,269.86,264.89,265.1,25546704
210,2020-04-07 20:00:00,265.1,269.499,263.65,264.4,4898077
211,2020-04-07 20:30:00,264.4,265.13,263.67,263.82,698018
212,2020-04-07 21:00:00,263.82,265.13,263.64,263.84,760891
213,2020-04-07 21:30:00,263.85,264.16,263.8,264.16,69331
214,2020-04-07 22:00:00,264.13,264.41,263.0,263.21,388914
215,2020-04-07 22:30:00,263.21,264.05,262.89,263.43,825295
216,2020-04-07 23:00:00,263.43,264.92,263.29,264.8,356440
217,2020-04-07 23:30:00,264.9,266.04,264.68,265.22,601123
218,2020-04-08 00:00:00,265.19,265.22,263.22,263.22,9532
219,2020-04-08 00:30:00,263.53,263.61,262.41,262.6,9946
220,2020-04-08 01:00:00,262.64,264.75,262.51,264.64,10139
221,2020-04-08 01:30:00,264.64,264.71,263.24,263.73,4271
222,2020-04-08 02:00:00,263.4,264.89,263.4,264.8,4605
223,2020-04-08 02:30:00,264.73,264.73,264.01,264.2,3123
224,2020-04-08 03:00:00,264.21,264.56,263.7,264.31,4454
225,2020-04-08 03:30:00,264.41,264.74,263.88,264.74,2181
226,2020-04-08 04:00:00,264.6,265.32,264.33,265.21,3860
227,2020-04-08 04:30:00,265.09,266.08,264.99,265.99,2478
228,2020-04-08 05:00:00,266.1,267.61,265.66,266.81,5513
229,2020-04-08 05:30:00,266.73,268.0,266.68,267.24,3952
230,2020-04-08 06:00:00,267.13,267.13,263.46,263.46,10845
231,2020-04-08 06:30:00,263.41,264.74,263.34,264.74,3236
232,2020-04-08 07:00:00,264.82,265.83,264.82,264.99,3621
233,2020-04-08 07:30:00,264.58,265.83,264.44,265.69,1786
234,2020-04-08 08:00:00,265.8,265.88,263.85,263.85,91617
235,2020-04-08 08:30:00,263.71,264.26,263.03,264.12,45858
236,2020-04-08 09:00:00,264.1,264.45,263.61,264.06,30502
237,2020-04-08 09:30:00,264.34,264.78,263.51,264.03,55169
238,2020-04-08 10:00:00,264.04,265.1,263.85,265.1,52828
239,2020-04-08 10:30:00,265.0,265.87,264.84,265.73,81697
240,2020-04-08 11:00:00,265.71,266.96,265.39,266.32,256058
241,2020-04-08 11:30:00,266.28,266.67,265.5,266.66,299378
242,2020-04-08 12:00:00,266.6,267.87,266.31,267.33,539382
243,2020-04-08 12:30:00,267.31,267.95,266.68,267.3,548071
244,2020-04-08 13:00:00,267.26,268.61,267.25,267.99,746956
245,2020-04-08 13:30:00,267.94,269.0,266.25,266.48,10041664
246,2020-04-08 14:00:00,266.485,267.98,265.56,267.86,6785415
247,2020-04-08 14:30:00,267.854,269.0,267.08,268.92,6532579
248,2020-04-08 15:00:00,268.95,270.85,268.32,270.54,7772389
249,2020-04-08 15:30:00,270.56,271.72,270.31,270.79,7148858
250,2020-04-08 16:00:00,270.795,271.64,270.24,270.95,6167838
251,2020-04-08 16:30:00,270.96,272.37,270.73,271.5,7354660
252,2020-04-08 17:00:00,271.5,272.15,271.06,271.41,5354012
253,2020-04-08 17:30:00,271.43,271.6,270.06,270.31,6661780
254,2020-04-08 18:00:00,270.305,272.94,270.18,272.7901,7430094
255,2020-04-08 18:30:00,272.815,273.82,272.69,273.755,7067345
256,2020-04-08 19:00:00,273.77,274.41,273.06,273.83,9350417
257,2020-04-08 19:30:00,273.85,276.0,272.15,274.07,25287901
258,2020-04-08 20:00:00,274.09,274.5667,273.65,273.66,5785952
259,2020-04-08 20:30:00,273.79,274.41,273.78,274.2,537587
260,2020-04-08 21:00:00,274.15,274.32,273.88,274.0,144432
261,2020-04-08 21:30:00,273.97,274.0,273.7,273.92,120532
262,2020-04-08 22:00:00,273.93,274.03,273.06,273.49,386899
263,2020-04-08 22:30:00,273.5,273.7,273.32,273.59,115037
264,2020-04-08 23:00:00,273.56,274.91,273.26,274.83,224725
265,2020-04-08 23:30:00,274.85,275.29,274.3,274.99,314376
266,2020-04-09 00:00:00,274.98,275.18,274.35,274.52,6506
267,2020-04-09 00:30:00,274.35,275.04,274.35,274.54,3970
268,2020-04-09 01:00:00,274.56,274.7,274.38,274.38,4171
269,2020-04-09 01:30:00,274.4,274.4,273.1,273.4,6712
270,2020-04-09 02:00:00,273.49,273.91,273.31,273.55,2376
271,2020-04-09 02:30:00,273.46,273.46,272.65,273.02,5393
272,2020-04-09 03:00:00,273.02,273.22,272.75,273.22,3257
273,2020-04-09 03:30:00,273.21,273.9,273.21,273.5,1507
274,2020-04-09 04:00:00,273.71,273.71,273.35,273.44,324
275,2020-04-09 04:30:00,273.8,274.52,273.57,274.09,1164
276,2020-04-09 05:00:00,274.37,274.38,273.75,274.06,760
277,2020-04-09 05:30:00,273.75,274.44,273.7,274.08,901
278,2020-04-09 06:00:00,274.25,275.18,274.25,275.18,2178
279,2020-04-09 06:30:00,275.23,275.26,274.91,275.25,90
280,2020-04-09 07:00:00,275.25,276.57,275.25,276.43,3139
281,2020-04-09 07:30:00,276.61,277.21,276.48,277.07,2628
282,2020-04-09 08:00:00,276.56,277.06,274.94,274.94,93492
283,2020-04-09 08:30:00,274.97,275.25,273.84,273.84,68870
284,2020-04-09 09:00:00,273.81,274.33,273.14,274.01,63697
285,2020-04-09 09:30:00,274.04,274.29,272.87,273.19,56343
286,2020-04-09 10:00:00,272.96,273.76,272.34,272.86,63165
287,2020-04-09 10:30:00,272.66,273.01,271.76,272.76,114832
288,2020-04-09 11:00:00,272.8,274.01,271.55,271.59,456506
289,2020-04-09 11:30:00,271.51,272.65,271.15,271.86,624291
290,2020-04-09 12:00:00,271.91,272.09,270.4,271.66,1061603
291,2020-04-09 12:30:00,271.83,277.26,271.1,276.94,4680954
292,2020-04-09 13:00:00,276.93,278.73,276.57,277.6,5009108
293,2020-04-09 13:30:00,277.58,280.61,276.86,280.51,18215271
294,2020-04-09 14:00:00,280.51,280.58,277.06,279.15,14567927
295,2020-04-09 14:30:00,279.2,280.2,278.25,279.36,10197822
296,2020-04-09 15:00:00,279.35,279.43,277.12,278.53,7983557
297,2020-04-09 15:30:00,278.53,279.77,278.03,279.43,6654805
298,2020-04-09 16:00:00,279.44,280.33,279.21,279.36,6598702
299,2020-04-09 16:30:00,279.37,280.96,279.12,280.591,6796639
300,2020-04-09 17:00:00,280.6,280.92,279.9,280.8502,5750396
301,2020-04-09 17:30:00,280.8662,281.2,278.88,279.89,7654092
302,2020-04-09 18:00:00,279.87,279.98,277.5,277.85,8632229
303,2020-04-09 18:30:00,277.84,278.85,275.47,276.585,10687755
304,2020-04-09 19:00:00,276.58,278.22,276.0,278.2,10230280
305,2020-04-09 19:30:00,278.21,278.935,277.07,278.24,17034851
306,2020-04-09 20:00:00,278.26,278.76,277.7311,278.25,3956783
307,2020-04-09 20:30:00,278.25,279.03,278.13,279.03,948598
308,2020-04-09 21:00:00,279.03,279.03,278.66,278.68,127468
309,2020-04-09 21:30:00,278.68,278.84,278.2,278.8,134662
310,2020-04-09 22:00:00,278.83,279.29,278.2,278.9,87486
311,2020-04-09 22:30:00,278.89,279.08,278.68,278.82,112303
312,2020-04-09 23:00:00,278.8,279.07,278.8,278.98,39406
313,2020-04-09 23:30:00,279.0,279.19,278.92,279.0,63245
314,2020-04-13 00:00:00,278.49,279.0,276.11,276.3,4632
315,2020-04-13 00:30:00,276.33,276.41,275.87,275.88,8490
316,2020-04-13 01:00:00,275.88,276.27,275.63,275.86,7072
317,2020-04-13 01:30:00,275.86,276.45,275.85,276.43,2553
318,2020-04-13 02:00:00,276.4,276.45,276.08,276.23,3792
319,2020-04-13 02:30:00,276.23,276.23,276.0,276.12,1429
320,2020-04-13 03:00:00,276.14,276.15,276.06,276.09,1941
321,2020-04-13 03:30:00,276.08,276.08,275.63,275.64,2318
322,2020-04-13 04:00:00,275.64,275.64,274.8,274.91,5308
323,2020-04-13 04:30:00,274.89,275.48,274.88,275.41,2579
324,2020-04-13 05:00:00,275.5,275.5,274.88,275.15,926
325,2020-04-13 05:30:00,275.15,275.15,274.85,274.96,814
326,2020-04-13 06:00:00,274.86,276.13,274.85,276.0,2034
327,2020-04-13 06:30:00,276.0,276.0,275.67,275.67,526
328,2020-04-13 07:00:00,275.49,275.86,275.49,275.5,735
329,2020-04-13 07:30:00,275.65,275.65,275.35,275.35,842
330,2020-04-13 08:00:00,274.63,274.71,274.2,274.2,49237
331,2020-04-13 08:30:00,274.21,274.67,274.07,274.6,21785
332,2020-04-13 09:00:00,274.6,275.19,274.59,274.89,41383
333,2020-04-13 09:30:00,274.8,274.95,274.58,274.71,19099
334,2020-04-13 10:00:00,274.81,274.95,274.4,274.81,36868
335,2020-04-13 10:30:00,274.89,275.94,274.83,275.35,90938
336,2020-04-13 11:00:00,275.35,276.43,275.35,276.4,306346
337,2020-04-13 11:30:00,276.43,277.1,276.28,276.98,403603
338,2020-04-13 12:00:00,276.91,277.67,274.18,277.02,583700
339,2020-04-13 12:30:00,277.09,278.0,276.76,277.33,535475
340,2020-04-13 13:00:00,277.34,278.2,277.11,277.19,704835
341,2020-04-13 13:30:00,277.15,277.51,273.96,274.15,11123739
342,2020-04-13 14:00:00,274.15,275.59,272.75,273.48,8212801
343,2020-04-13 14:30:00,273.48,273.77,272.1,272.7298,7453873
344,2020-04-13 15:00:00,272.76,273.66,271.41,273.5,6695800
345,2020-04-13 15:30:00,273.52,274.1,272.62,273.6173,4811047
346,2020-04-13 16:00:00,273.6,275.07,273.38,274.165,5142251
347,2020-04-13 16:30:00,274.16,274.29,272.94,273.27,4175642
348,2020-04-13 17:00:00,273.286,273.47,272.45,272.9,3736452
349,2020-04-13 17:30:00,272.91,274.57,272.6702,274.085,4716645
350,2020-04-13 18:00:00,274.08,274.81,272.97,273.5969,4871154
351,2020-04-13 18:30:00,273.58,274.41,273.17,274.25,4235307
352,2020-04-13 19:00:00,274.23,275.18,273.22,274.85,7354868
353,2020-04-13 19:30:00,274.84,276.6,274.59,275.57,13034746
354,2020-04-13 20:00:00,275.57,276.33,274.0126,276.1999,3328736
355,2020-04-13 20:30:00,276.2,276.33,275.76,276.21,611304
356,2020-04-13 21:00:00,276.25,276.26,275.66,276.19,358825
357,2020-04-13 21:30:00,276.14,276.5,275.66,276.4,114698
358,2020-04-13 22:00:00,276.36,276.97,275.66,276.72,200731
359,2020-04-13 22:30:00,276.74,277.32,276.61,276.98,114666
360,2020-04-13 23:00:00,276.99,277.13,276.9,276.96,32152
361,2020-04-13 23:30:00,276.94,277.08,276.7,277.08,102422
362,2020-04-14 00:00:00,276.95,276.95,275.81,275.82,7287
363,2020-04-14 00:30:00,275.79,276.36,275.71,276.36,3684
364,2020-04-14 01:00:00,276.37,277.27,276.31,277.01,2883
365,2020-04-14 01:30:00,277.0,279.31,277.0,279.31,9759
366,2020-04-14 02:00:00,279.19,279.47,278.32,278.87,7392
367,2020-04-14 02:30:00,279.0,280.0,279.0,279.52,2112
368,2020-04-14 03:00:00,279.61,279.88,279.45,279.75,1547
369,2020-04-14 03:30:00,279.65,279.83,279.27,279.6,308
370,2020-04-14 04:00:00,279.6,280.93,279.6,280.5,3513
371,2020-04-14 04:30:00,280.88,280.88,280.64,280.76,995
372,2020-04-14 05:00:00,280.94,280.94,280.76,280.8,107
373,2020-04-14 05:30:00,280.82,280.86,279.98,279.98,1672
374,2020-04-14 06:00:00,279.62,279.62,279.22,279.32,684
375,2020-04-14 06:30:00,279.45,279.57,279.34,279.34,151
376,2020-04-14 07:00:00,280.0,280.1,279.44,279.5,493
377,2020-04-14 07:30:00,279.5,279.88,279.0,279.31,2767
378,2020-04-14 08:00:00,279.27,279.3,278.63,278.91,71450
379,2020-04-14 08:30:00,278.93,279.22,278.51,278.64,11790
380,2020-04-14 09:00:00,278.71,279.6,278.61,279.5,78890
381,2020-04-14 09:30:00,279.49,279.74,279.13,279.23,19757
382,2020-04-14 10:00:00,279.13,279.46,278.97,279.35,58190
383,2020-04-14 10:30:00,279.4,279.48,278.45,279.0,188558
384,2020-04-14 11:00:00,278.9,279.31,278.52,278.97,318114
385,2020-04-14 11:30:00,278.97,280.11,278.84,279.7,362567
386,2020-04-14 12:00:00,279.66,280.65,279.5,280.3,546293
387,2020-04-14 12:30:00,280.31,280.75,279.74,280.45,391482
388,2020-04-14 13:00:00,280.46,281.47,280.41,280.94,729661
389,2020-04-14 13:30:00,280.94,282.87,279.91,282.84,12860005
390,2020-04-14 14:00:00,282.86,283.79,282.34,283.02,8983220
391,2020-04-14 14:30:00,283.01,283.1,281.56,281.573,8290577
392,2020-04-14 15:00:00,281.58,282.09,280.1,280.8,8568932
393,2020-04-14 15:30:00,280.8,281.74,280.79,281.161,5209708
394,2020-04-14 16:00:00,281.19,283.25,281.19,282.77,5883855
395,2020-04-14 16:30:00,282.79,283.285,282.53,282.905,3898321
396,2020-04-14 17:00:00,282.9,283.02,282.3,282.805,3833323
397,2020-04-14 17:30:00,282.8199,284.0,282.8043,283.73,4753288
398,2020-04-14 18:00:00,283.75,284.3,283.28,283.79,5293512
399,2020-04-14 18:30:00,283.8,284.1,283.36,283.935,5024390
400,2020-04-14 19:00:00,283.94,283.95,282.55,283.59,7285155
401,2020-04-14 19:30:00,283.6,284.9,283.42,283.87,16325766
402,2020-04-14 20:00:00,283.89,284.55,283.0341,284.39,4415375
403,2020-04-14 20:30:00,284.39,284.6,283.79,284.56,527496
404,2020-04-14 21:00:00,284.57,284.67,283.79,284.61,1066042
405,2020-04-14 21:30:00,284.64,284.68,283.79,284.63,169613
406,2020-04-14 22:00:00,284.63,284.63,283.84,284.35,252423
407,2020-04-14 22:30:00,284.35,284.36,283.95,283.99,74444
408,2020-04-14 23:00:00,283.98,284.19,283.42,283.46,176590
409,2020-04-14 23:30:00,283.45,283.75,283.25,283.4,100793
410,2020-04-15 00:00:00,283.3,283.7,282.8,282.8,4650
411,2020-04-15 00:30:00,283.14,283.16,282.6,282.9,5196
412,2020-04-15 01:00:00,282.9,282.9,282.5,282.67,2854
413,2020-04-15 01:30:00,282.72,283.18,282.72,283.17,2318
414,2020-04-15 02:00:00,283.1,283.13,282.7,282.72,1470
415,2020-04-15 02:30:00,282.7,282.7,282.2,282.4,3689
416,2020-04-15 03:00:00,282.51,282.9,282.33,282.9,1994
417,2020-04-15 03:30:00,282.79,283.03,282.65,282.83,2053
418,2020-04-15 04:00:00,282.94,283.53,282.75,283.43,1911
419,2020-04-15 04:30:00,283.48,283.68,283.3,283.39,1399
420,2020-04-15 05:00:00,283.39,283.39,282.7,282.7,745
421,2020-04-15 05:30:00,282.75,283.0,282.3,282.5,2157
422,2020-04-15 06:00:00,282.5,282.94,282.11,282.6,840
423,2020-04-15 06:30:00,282.54,283.33,282.54,282.62,1793
424,2020-04-15 07:00:00,282.5,282.65,281.84,281.84,4318
425,2020-04-15 07:30:00,281.8,281.8,281.0,281.0,9363
426,2020-04-15 08:00:00,280.36,280.96,280.2,280.6,52156
427,2020-04-15 08:30:00,280.65,280.65,279.21,279.6,68561
428,2020-04-15 09:00:00,279.6,279.66,278.86,279.26,59627
429,2020-04-15 09:30:00,279.31,279.66,279.21,279.52,33000
430,2020-04-15 10:00:00,279.54,280.1,278.95,279.25,73295
431,2020-04-15 10:30:00,279.34,279.48,278.6,279.45,185824
432,2020-04-15 11:00:00,279.49,280.23,279.28,280.16,650183
433,2020-04-15 11:30:00,280.12,280.15,279.29,279.29,357758
434,2020-04-15 12:00:00,279.33,282.99,277.81,277.92,826980
435,2020-04-15 12:30:00,277.88,278.15,275.96,276.23,1411667
436,2020-04-15 13:00:00,276.21,277.62,275.78,277.56,1408821
437,2020-04-15 13:30:00,277.57,278.39,276.33,277.369,12785267
438,2020-04-15 14:00:00,277.37,277.57,275.626,276.0499,8070421
439,2020-04-15 14:30:00,275.99,277.18,275.46,276.7847,5930014
440,2020-04-15 15:00:00,276.77,276.94,275.63,276.4633,5306237
441,2020-04-15 15:30:00,276.48,277.28,275.79,276.14,5087314
442,2020-04-15 16:00:00,276.13,277.0,275.76,276.88,4495828
443,2020-04-15 16:30:00,276.8975,277.87,276.66,277.3586,4725408
444,2020-04-15 17:00:00,277.35,278.75,277.17,277.81,4991414
445,2020-04-15 17:30:00,277.8,277.81,277.03,277.1699,4627606
446,2020-04-15 18:00:00,277.18,278.91,277.17,278.72,4913580
447,2020-04-15 18:30:00,278.74,279.41,278.44,279.38,5173594
448,2020-04-15 19:00:00,279.385,279.59,277.7,278.05,5844433
449,2020-04-15 19:30:00,278.04,278.35,277.07,277.75,12348884
450,2020-04-15 20:00:00,277.73,278.79,277.4392,277.64,3167640
451,2020-04-15 20:30:00,277.64,277.77,276.82,277.08,525485
452,2020-04-15 21:00:00,277.2,277.76,276.95,277.04,719022
453,2020-04-15 21:30:00,277.03,277.15,276.98,277.05,25791
454,2020-04-15 22:00:00,277.08,277.76,276.0,276.44,215357
455,2020-04-15 22:30:00,276.51,276.68,275.64,275.9,100791
456,2020-04-15 23:00:00,275.92,275.96,275.4,275.82,106724
457,2020-04-15 23:30:00,275.85,276.03,275.57,275.7,124633
458,2020-04-16 00:00:00,275.75,276.86,275.61,275.69,3488
459,2020-04-16 00:30:00,275.65,275.76,275.12,275.7,3987
460,2020-04-16 01:00:00,275.73,276.28,275.61,276.11,1477
461,2020-04-16 01:30:00,276.25,276.77,275.9,276.0,5033
462,2020-04-16 02:00:00,276.01,276.5,275.77,276.26,4142
463,2020-04-16 02:30:00,276.1,276.37,275.77,275.77,1750
464,2020-04-16 03:00:00,275.8,275.8,275.32,275.7,3481
465,2020-04-16 03:30:00,276.01,276.38,275.62,276.25,2238
466,2020-04-16 04:00:00,276.35,276.76,276.3,276.45,3520
467,2020-04-16 04:30:00,276.45,277.02,276.44,277.02,1350
468,2020-04-16 05:00:00,276.8,277.56,276.27,277.56,2779
469,2020-04-16 05:30:00,277.61,278.58,277.27,278.58,3946
470,2020-04-16 06:00:00,278.58,279.37,278.0,279.21,2903
471,2020-04-16 06:30:00,279.37,280.7,279.37,280.15,5225
472,2020-04-16 07:00:00,280.15,280.68,279.0,279.97,3948
473,2020-04-16 07:30:00,279.97,280.32,279.54,280.1,1294
474,2020-04-16 08:00:00,279.89,280.26,279.55,279.73,64863
475,2020-04-16 08:30:00,279.71,280.0,279.35,279.39,17105
476,2020-04-16 09:00:00,279.17,279.19,278.59,278.59,36212
477,2020-04-16 09:30:00,278.59,279.52,278.59,279.25,48344
478,2020-04-16 10:00:00,279.28,279.62,278.4,279.62,58100
479,2020-04-16 10:30:00,279.71,279.74,279.0,279.16,87175
480,2020-04-16 11:00:00,279.2,279.25,278.73,279.08,162836
481,2020-04-16 11:30:00,279.19,279.24,277.89,278.3,247904
482,2020-04-16 12:00:00,278.3,278.62,277.69,278.26,514090
483,2020-04-16 12:30:00,278.26,280.23,278.26,279.15,1453406
484,2020-04-16 13:00:00,279.08,279.64,278.76,279.07,435297
485,2020-04-16 13:30:00,279.15,279.7393,276.69,276.8167,8949295
486,2020-04-16 14:00:00,276.81,277.5132,275.76,277.43,7698804
487,2020-04-16 14:30:00,277.43,278.63,276.685,278.52,6226165
488,2020-04-16 15:00:00,278.51,279.59,278.18,278.94,6105397
489,2020-04-16 15:30:00,278.94,280.03,278.25,279.72,4419164
490,2020-04-16 16:00:00,279.72,279.99,276.8,277.16,7405606
491,2020-04-16 16:30:00,277.16,277.47,275.84,277.27,7943816
492,2020-04-16 17:00:00,277.27,277.855,276.99,277.78,4797940
493,2020-04-16 17:30:00,277.78,278.2,277.08,277.4401,4865668
494,2020-04-16 18:00:00,277.48,278.66,276.8,278.0507,5672631
495,2020-04-16 18:30:00,278.077,279.0,277.69,278.34,3620690
496,2020-04-16 19:00:00,278.31,278.85,277.54,278.8,6306562
497,2020-04-16 19:30:00,278.83,279.98,278.61,279.21,12085329
498,2020-04-16 20:00:00,279.21,279.42,278.89,279.12,4141833
499,2020-04-16 20:30:00,279.16,283.4,279.16,283.3,2317877
500,2020-04-16 21:00:00,283.23,286.9,283.23,286.59,1910131
501,2020-04-16 21:30:00,286.54,289.4,279.1,286.8,2388852
502,2020-04-16 22:00:00,286.8,287.1,285.55,286.75,2415648
503,2020-04-16 22:30:00,286.8,288.5,286.26,288.06,1379079
504,2020-04-16 23:00:00,288.05,289.07,287.95,288.26,1113475
505,2020-04-16 23:30:00,288.25,288.34,286.56,287.5,576365
506,2020-04-17 00:00:00,287.67,287.67,286.5,286.67,7591
507,2020-04-17 00:30:00,286.9,287.79,286.84,287.58,3070
508,2020-04-17 01:00:00,287.57,288.26,287.53,288.26,6260
509,2020-04-17 01:30:00,288.2,288.55,288.2,288.2,1885
510,2020-04-17 02:00:00,288.0,288.52,287.78,288.52,2452
511,2020-04-17 02:30:00,288.5,288.5,288.03,288.1,1119
512,2020-04-17 03:00:00,288.1,288.26,287.8,287.95,1968
513,2020-04-17 03:30:00,287.92,287.92,287.26,287.53,2619
514,2020-04-17 04:00:00,287.73,288.1,287.64,288.05,1273
515,2020-04-17 04:30:00,287.98,288.22,287.98,288.01,1193
516,2020-04-17 05:00:00,288.1,288.5,288.1,288.5,321
517,2020-04-17 05:30:00,288.52,288.71,287.79,287.79,723
518,2020-04-17 06:00:00,287.78,287.88,286.79,286.79,4686
519,2020-04-17 06:30:00,286.93,287.09,286.6,287.08,3140
520,2020-04-17 07:00:00,287.0,287.85,286.42,287.85,2101
521,2020-04-17 07:30:00,287.85,287.85,285.9,285.9,4531
522,2020-04-17 08:00:00,286.15,287.54,286.15,286.32,121589
523,2020-04-17 08:30:00,286.3,286.84,285.95,285.98,94882
524,2020-04-17 09:00:00,285.97,286.69,285.7,285.91,85882
525,2020-04-17 09:30:00,285.9,287.41,285.56,286.81,90015
526,2020-04-17 10:00:00,286.98,287.87,286.68,287.56,87086
527,2020-04-17 10:30:00,287.52,287.85,287.2,287.65,330576
528,2020-04-17 11:00:00,287.56,288.13,287.09,287.17,420642
529,2020-04-17 11:30:00,287.25,287.45,286.64,287.1602,521551
530,2020-04-17 12:00:00,287.11,287.44,286.47,286.49,288176
531,2020-04-17 12:30:00,286.5,286.71,285.8,286.3,783173
532,2020-04-17 13:00:00,286.29,286.45,284.95,285.37,1718826
533,2020-04-17 13:30:00,285.37,285.68,284.06,285.46,12954199
534,2020-04-17 14:00:00,285.47,285.67,283.3608,283.753,10270567
535,2020-04-17 14:30:00,283.78,283.92,282.55,283.38,6456869
536,2020-04-17 15:00:00,283.385,284.0,282.4,282.71,4544575
537,2020-04-17 15:30:00,282.71,283.84,282.46,283.51,4213952
538,2020-04-17 16:00:00,283.53,283.94,282.92,283.34,3608425
539,2020-04-17 16:30:00,283.36,284.65,283.27,284.34,4080262
540,2020-04-17 17:00:00,284.33,284.77,283.95,283.9921,4204475
541,2020-04-17 17:30:00,283.9981,284.547,283.77,284.0801,3978689
542,2020-04-17 18:00:00,284.08,284.08,283.3808,283.45,3817607
543,2020-04-17 18:30:00,283.45,283.65,282.65,283.62,4192625
544,2020-04-17 19:00:00,283.62,284.6799,283.5,284.62,4880902
545,2020-04-17 19:30:00,284.61,287.3,284.61,286.73,21526613
546,2020-04-17 20:00:00,286.73,288.0,284.2049,287.25,6506550
547,2020-04-17 20:30:00,287.26,287.39,286.64,287.15,458311
548,2020-04-17 21:00:00,287.24,287.29,286.64,287.0,254699
549,2020-04-17 21:30:00,287.0,287.1,286.64,286.65,1305391
550,2020-04-17 22:00:00,286.64,286.69,286.41,286.41,93457
551,2020-04-17 22:30:00,286.41,286.5,286.31,286.44,22049
552,2020-04-17 23:00:00,286.44,286.65,286.4,286.55,31675
553,2020-04-17 23:30:00,286.6,286.7,286.42,286.66,43757
554,2020-04-20 00:00:00,284.98,286.11,284.98,286.0,13398
555,2020-04-20 00:30:00,286.0,287.67,286.0,287.1,9015
556,2020-04-20 01:00:00,287.01,287.08,285.87,285.87,4524
557,2020-04-20 01:30:00,285.88,286.07,285.3,286.06,6164
558,2020-04-20 02:00:00,286.07,286.69,285.84,286.69,2859
559,2020-04-20 02:30:00,286.5,286.55,285.82,286.54,1072
560,2020-04-20 03:00:00,286.5,287.1,286.49,286.76,2513
561,2020-04-20 03:30:00,286.84,287.25,286.53,287.25,4320
562,2020-04-20 04:00:00,287.21,287.61,287.05,287.05,3438
563,2020-04-20 04:30:00,287.1,287.48,286.89,286.89,1021
564,2020-04-20 05:00:00,286.84,286.9,286.54,286.54,2308
565,2020-04-20 05:30:00,286.73,286.73,286.0,286.26,1948
566,2020-04-20 06:00:00,286.26,286.26,285.9,286.16,286
567,2020-04-20 06:30:00,286.08,286.13,285.86,285.92,1350
568,2020-04-20 07:00:00,285.8,285.8,285.02,285.02,2145
569,2020-04-20 07:30:00,285.02,285.81,285.02,285.66,7716
570,2020-04-20 08:00:00,285.84,285.84,284.67,284.67,71449
571,2020-04-20 08:30:00,284.62,285.15,284.57,285.15,27330
572,2020-04-20 09:00:00,285.3,285.39,284.99,285.05,47741
573,2020-04-20 09:30:00,285.07,285.11,283.83,283.83,126292
574,2020-04-20 10:00:00,284.03,284.05,282.44,282.75,168736
575,2020-04-20 10:30:00,282.73,283.23,282.64,282.85,303384
576,2020-04-20 11:00:00,282.85,283.34,281.84,282.0,829957
577,2020-04-20 11:30:00,282.0,282.53,281.25,281.53,735108
578,2020-04-20 12:00:00,281.58,282.22,281.28,282.0,489755
579,2020-04-20 12:30:00,282.0,282.39,281.6796,282.0,465317
580,2020-04-20 13:00:00,281.95,282.69,281.61,282.63,606353
581,2020-04-20 13:30:00,282.61,283.99,282.23,283.35,8418844
582,2020-04-20 14:00:00,283.35,284.09,282.85,283.69,5072635
583,2020-04-20 14:30:00,283.69,285.595,283.54,285.15,5505826
584,2020-04-20 15:00:00,285.14,285.689,284.71,285.35,4460559
585,2020-04-20 15:30:00,285.35,286.29,285.0,285.934,4052581
586,2020-04-20 16:00:00,285.93,286.01,285.136,285.31,3435251
587,2020-04-20 16:30:00,285.29,285.99,285.28,285.4,3244523
588,2020-04-20 17:00:00,285.42,285.45,284.0965,284.57,3928760
589,2020-04-20 17:30:00,284.565,285.03,284.11,284.8445,3240587
590,2020-04-20 18:00:00,284.82,285.13,282.55,282.634,5807472
591,2020-04-20 18:30:00,282.63,283.62,281.656,281.72,6980243
592,2020-04-20 19:00:00,281.71,282.61,281.35,282.44,6874985
593,2020-04-20 19:30:00,282.45,283.04,281.49,281.61,11195410
594,2020-04-20 20:00:00,281.61,282.0,280.5,281.0,3500574
595,2020-04-20 20:30:00,281.0,281.6,280.9,281.33,375538
596,2020-04-20 21:00:00,281.31,281.6,281.31,281.46,116167
597,2020-04-20 21:30:00,281.4,281.63,281.27,281.35,95327
598,2020-04-20 22:00:00,281.35,281.92,281.05,281.5,173144
599,2020-04-20 22:30:00,281.55,282.86,281.49,282.57,198581
600,2020-04-20 23:00:00,282.63,282.98,282.14,282.16,212985
601,2020-04-20 23:30:00,282.16,282.52,281.51,282.03,162836
602,2020-04-21 00:00:00,281.98,282.67,281.25,281.88,6272
603,2020-04-21 00:30:00,281.88,283.0,281.88,282.31,5314
604,2020-04-21 01:00:00,282.61,283.5,282.55,283.34,4010
605,2020-04-21 01:30:00,283.2,283.45,282.0,282.16,3475
606,2020-04-21 02:00:00,282.21,282.6,280.25,280.26,8775
607,2020-04-21 02:30:00,280.26,280.56,278.47,280.0,8907
608,2020-04-21 03:00:00,279.99,280.26,279.1,279.47,3157
609,2020-04-21 03:30:00,279.47,280.19,279.47,279.77,3349
610,2020-04-21 04:00:00,279.77,280.09,279.32,280.06,685
611,2020-04-21 04:30:00,280.03,280.31,279.65,279.67,1722
612,2020-04-21 05:00:00,279.68,280.24,279.49,280.0,2446
613,2020-04-21 05:30:00,279.92,280.0,279.34,279.74,1163
614,2020-04-21 06:00:00,279.8,280.82,279.8,280.73,1493
615,2020-04-21 06:30:00,280.76,280.79,280.27,280.35,291
616,2020-04-21 07:00:00,280.39,280.94,279.75,279.75,952
617,2020-04-21 07:30:00,279.71,279.95,279.2,279.24,984
618,2020-04-21 08:00:00,279.19,280.3,279.09,279.45,41887
619,2020-04-21 08:30:00,279.62,280.05,279.13,279.8,25515
620,2020-04-21 09:00:00,280.0,280.18,278.2,278.2,87794
621,2020-04-21 09:30:00,278.58,278.7,277.54,278.2,171244
622,2020-04-21 10:00:00,278.12,278.72,276.77,277.12,263672
623,2020-04-21 10:30:00,276.86,278.17,276.64,277.42,179760
624,2020-04-21 11:00:00,277.27,279.44,276.57,276.87,432826
625,2020-04-21 11:30:00,276.82,277.1,275.83,276.3,1024543
626,2020-04-21 12:00:00,276.3,276.69,275.37,276.5,1260515
627,2020-04-21 12:30:00,276.46,276.55,275.22,275.44,636713
628,2020-04-21 13:00:00,275.42,276.75,275.1,276.64,1343150
629,2020-04-21 13:30:00,276.73,278.04,275.34,277.65,12012230
630,2020-04-21 14:00:00,277.655,277.81,276.0,276.882,6736388
631,2020-04-21 14:30:00,276.87,277.07,274.11,274.18,7469096
632,2020-04-21 15:00:00,274.16,274.37,272.55,272.88,8320712
633,2020-04-21 15:30:00,272.88,273.895,272.14,273.61,7288369
634,2020-04-21 16:00:00,273.6,273.86,272.8,272.96,4371899
635,2020-04-21 16:30:00,272.97,273.495,272.02,273.41,4939819
636,2020-04-21 17:00:00,273.41,274.62,273.21,274.47,5518617
637,2020-04-21 17:30:00,274.49,275.0,273.72,274.02,5539253
638,2020-04-21 18:00:00,274.02,275.69,273.5601,274.93,5073059
639,2020-04-21 18:30:00,274.96,275.13,273.24,273.49,4871384
640,2020-04-21 19:00:00,273.49,274.81,272.5818,274.29,6339520
641,2020-04-21 19:30:00,274.29,275.51,272.5,273.02,16851727
642,2020-04-21 20:00:00,273.02,273.67,273.01,273.39,3055659
643,2020-04-21 20:30:00,273.36,273.77,273.04,273.6,424131
644,2020-04-21 21:00:00,273.6,274.41,273.04,274.36,278272
645,2020-04-21 21:30:00,274.32,274.4,273.04,274.19,115266
646,2020-04-21 22:00:00,274.16,275.0,274.0,274.58,208142
647,2020-04-21 22:30:00,274.53,274.75,273.8,274.15,128575
648,2020-04-21 23:00:00,274.17,274.28,273.4,273.92,140903
649,2020-04-21 23:30:00,273.82,274.5,273.8,274.39,100107
650,2020-04-22 00:00:00,274.72,275.0,272.84,272.95,9875
651,2020-04-22 00:30:00,273.01,273.61,272.91,273.48,6816
652,2020-04-22 01:00:00,273.5,274.5,273.2,274.5,4313
653,2020-04-22 01:30:00,274.33,274.33,273.5,274.08,3636
654,2020-04-22 02:00:00,273.97,274.29,273.4,274.03,2138
655,2020-04-22 02:30:00,274.04,274.45,274.04,274.45,547
656,2020-04-22 03:00:00,274.45,274.46,273.62,273.97,2065
657,2020-04-22 03:30:00,273.93,274.28,273.93,274.0,458
658,2020-04-22 04:00:00,274.23,274.52,274.15,274.35,4675
659,2020-04-22 04:30:00,273.96,273.96,273.3,273.43,2660
660,2020-04-22 05:00:00,273.67,274.42,273.67,274.42,1639
661,2020-04-22 05:30:00,274.25,275.76,274.25,275.49,5596
662,2020-04-22 06:00:00,275.07,276.01,274.7,276.01,5630
663,2020-04-22 06:30:00,276.0,276.73,276.0,276.01,1393
664,2020-04-22 07:00:00,276.0,276.0,275.25,275.81,616
665,2020-04-22 07:30:00,275.99,276.15,275.52,276.01,139
666,2020-04-22 08:00:00,275.77,277.0,275.6,276.7,63934
667,2020-04-22 08:30:00,276.69,277.5,276.68,277.47,111262
668,2020-04-22 09:00:00,277.57,277.91,277.25,277.52,98499
669,2020-04-22 09:30:00,277.61,277.61,276.97,277.17,37843
670,2020-04-22 10:00:00,277.3,277.3,276.43,276.43,49405
671,2020-04-22 10:30:00,276.53,276.79,276.11,276.58,42324
672,2020-04-22 11:00:00,276.66,277.45,276.59,276.83,204728
673,2020-04-22 11:30:00,276.84,277.05,276.3,276.95,508985
674,2020-04-22 12:00:00,276.91,276.97,275.92,276.87,491430
675,2020-04-22 12:30:00,276.87,278.56,276.77,278.33,1384171
676,2020-04-22 13:00:00,278.31,278.58,277.93,278.34,808689
677,2020-04-22 13:30:00,278.35,278.9,277.05,277.81,8118215
678,2020-04-22 14:00:00,277.8,278.22,276.91,277.7,4970429
679,2020-04-22 14:30:00,277.74,278.67,277.45,277.59,4966892
680,2020-04-22 15:00:00,277.625,278.64,277.26,278.25,3771014
681,2020-04-22 15:30:00,278.25,279.05,278.18,278.68,4223083
682,2020-04-22 16:00:00,278.67,279.15,278.38,278.86,2741171
683,2020-04-22 16:30:00,278.86,279.3,278.32,278.59,2881579
684,2020-04-22 17:00:00,278.6,279.24,278.22,279.2207,2431341
685,2020-04-22 17:30:00,279.22,279.5,278.82,279.24,2410350
686,2020-04-22 18:00:00,279.25,279.51,278.96,279.2425,2475636
687,2020-04-22 18:30:00,279.24,280.24,279.24,279.99,4725914
688,2020-04-22 19:00:00,280.0,280.38,279.71,279.98,4098344
689,2020-04-22 19:30:00,279.98,281.0,279.07,279.17,14644760
690,2020-04-22 20:00:00,279.18,279.19,278.5,278.93,3923439
691,2020-04-22 20:30:00,278.93,279.31,278.91,279.31,424010
692,2020-04-22 21:00:00,279.28,279.35,279.18,279.18,64374
693,2020-04-22 21:30:00,279.17,279.37,279.12,279.36,64186
694,2020-04-22 22:00:00,279.18,279.43,278.4,278.79,202082
695,2020-04-22 22:30:00,278.8,279.1,278.2,278.26,136267
696,2020-04-22 23:00:00,278.42,278.45,277.88,278.25,151097
697,2020-04-22 23:30:00,278.25,278.25,277.65,278.15,170902
698,2020-04-23 00:00:00,278.15,278.42,277.54,278.09,3649
699,2020-04-23 00:30:00,278.15,278.8,278.0,278.55,2867
700,2020-04-23 01:00:00,278.82,279.6,278.82,279.08,7553
701,2020-04-23 01:30:00,279.05,279.46,278.76,278.96,2568
702,2020-04-23 02:00:00,278.8,278.8,277.79,277.8,2479
703,2020-04-23 02:30:00,278.12,278.39,277.94,277.95,1741
704,2020-04-23 03:00:00,277.95,278.35,277.93,278.25,928
705,2020-04-23 03:30:00,278.18,278.18,277.75,277.84,2370
706,2020-04-23 04:00:00,278.03,278.49,278.03,278.49,893
707,2020-04-23 04:30:00,278.48,278.97,278.33,278.57,1430
708,2020-04-23 05:00:00,278.95,279.6,278.95,279.6,5675
709,2020-04-23 05:30:00,279.6,279.6,278.8,279.29,3341
710,2020-04-23 06:00:00,279.17,280.15,278.7,280.04,1739
711,2020-04-23 06:30:00,280.1,280.45,279.98,279.98,7026
712,2020-04-23 07:00:00,280.08,280.08,279.0,279.03,1809
713,2020-04-23 07:30:00,279.35,279.41,278.32,278.56,661
714,2020-04-23 08:00:00,278.25,279.1,278.0,279.07,46771
715,2020-04-23 08:30:00,279.05,279.14,278.58,278.72,18393
716,2020-04-23 09:00:00,278.58,279.56,278.58,279.5,31839
717,2020-04-23 09:30:00,279.55,279.97,279.53,279.86,22683
718,2020-04-23 10:00:00,279.91,279.92,279.09,279.42,16326
719,2020-04-23 10:30:00,279.24,279.24,278.69,278.69,46662
720,2020-04-23 11:00:00,278.7,279.48,278.7,279.12,48715
721,2020-04-23 11:30:00,279.2,279.41,278.9,279.2,164624
722,2020-04-23 12:00:00,279.26,279.68,278.72,279.57,484104
723,2020-04-23 12:30:00,279.69,280.94,279.4,280.84,1200822
724,2020-04-23 13:00:00,280.8,280.95,280.42,280.49,416943
725,2020-04-23 13:30:00,280.49,282.38,280.15,281.52,8601466
726,2020-04-23 14:00:00,281.5,282.61,281.02,282.44,5898213
727,2020-04-23 14:30:00,282.44,283.94,282.4,283.2801,6396689
728,2020-04-23 15:00:00,283.29,283.4,282.664,283.25,4087051
729,2020-04-23 15:30:00,283.27,283.31,281.8,282.29,5006443
730,2020-04-23 16:00:00,282.31,283.12,282.08,283.03,3353831
731,2020-04-23 16:30:00,283.04,283.115,278.88,281.01,15840834
732,2020-04-23 17:00:00,281.03,282.01,279.67,280.3,8079880
733,2020-04-23 17:30:00,280.3,281.03,279.06,279.8801,6680183
734,2020-04-23 18:00:00,279.88,280.79,278.75,280.59,5351118
735,2020-04-23 18:30:00,280.58,281.53,280.2101,281.3304,3694094
736,2020-04-23 19:00:00,281.32,281.42,279.25,279.9499,4719757
737,2020-04-23 19:30:00,279.94,280.69,279.03,279.06,10633818
738,2020-04-23 20:00:00,279.03,279.175,278.19,278.47,2082095
739,2020-04-23 20:30:00,278.46,279.08,278.23,278.49,375152
740,2020-04-23 21:00:00,278.5,278.58,278.25,278.29,65503
741,2020-04-23 21:30:00,278.29,279.08,278.03,278.07,56142
742,2020-04-23 22:00:00,278.1,278.46,277.39,277.7,358485
743,2020-04-23 22:30:00,277.68,278.08,276.74,277.33,272450
744,2020-04-23 23:00:00,277.27,277.49,276.9,277.39,150644
745,2020-04-23 23:30:00,277.47,277.56,277.0,277.37,202039
746,2020-04-24 00:00:00,277.3,277.7,276.6,276.69,9310
747,2020-04-24 00:30:00,276.75,276.8,276.32,276.58,6841
748,2020-04-24 01:00:00,276.63,276.63,276.14,276.16,5206
749,2020-04-24 01:30:00,276.25,276.53,276.0,276.3,3374
750,2020-04-24 02:00:00,276.31,276.71,276.22,276.65,1563
751,2020-04-24 02:30:00,276.61,276.95,276.61,276.94,2312
752,2020-04-24 03:00:00,276.91,277.33,276.84,276.85,2578
753,2020-04-24 03:30:00,276.85,277.07,276.68,276.8,1207
754,2020-04-24 04:00:00,276.8,277.08,276.79,277.05,577
755,2020-04-24 04:30:00,276.9,276.9,276.62,276.63,240
756,2020-04-24 05:00:00,276.67,276.69,276.0,276.33,2144
757,2020-04-24 05:30:00,276.7,277.05,276.55,276.6,4128
758,2020-04-24 06:00:00,276.81,277.31,276.29,277.16,810
759,2020-04-24 06:30:00,277.0,277.93,277.0,277.93,1756
760,2020-04-24 07:00:00,277.91,278.11,277.51,277.74,4128
761,2020-04-24 07:30:00,277.46,278.15,277.46,278.08,937
762,2020-04-24 08:00:00,278.25,278.27,277.18,277.43,34408
763,2020-04-24 08:30:00,277.43,277.93,277.3,277.86,24319
764,2020-04-24 09:00:00,277.95,279.73,277.95,279.39,86282
765,2020-04-24 09:30:00,279.33,279.96,279.09,279.58,133203
766,2020-04-24 10:00:00,279.64,280.2,279.32,279.7,57790
767,2020-04-24 10:30:00,279.72,280.85,279.6,280.85,139715
768,2020-04-24 11:00:00,280.8,280.98,280.35,280.66,189529
769,2020-04-24 11:30:00,280.66,280.66,279.83,279.92,210740
770,2020-04-24 12:00:00,279.97,280.36,279.63,280.2,259212
771,2020-04-24 12:30:00,280.1999,281.43,280.1999,280.7,543851
772,2020-04-24 13:00:00,280.72,281.1199,280.59,280.71,372711
773,2020-04-24 13:30:00,280.74,281.29,278.77,278.86,6048244
774,2020-04-24 14:00:00,278.89,280.04,278.81,279.46,4792420
775,2020-04-24 14:30:00,279.48,280.39,279.21,279.59,3356186
776,2020-04-24 15:00:00,279.59,279.6599,278.5,279.135,4360872
777,2020-04-24 15:30:00,279.14,279.73,278.675,279.3501,2955541
778,2020-04-24 16:00:00,279.35,280.03,279.06,279.9957,2679955
779,2020-04-24 16:30:00,280.0,280.52,279.75,280.22,2745544
780,2020-04-24 17:00:00,280.2127,280.32,279.78,280.31,1728905
781,2020-04-24 17:30:00,280.31,281.56,280.08,281.52,3768822
782,2020-04-24 18:00:00,281.51,281.95,281.24,281.64,4408512
783,2020-04-24 18:30:00,281.64,282.52,281.535,282.21,3913387
784,2020-04-24 19:00:00,282.21,282.93,281.81,282.92,4704314
785,2020-04-24 19:30:00,282.94,283.7,282.48,283.04,12393297
786,2020-04-24 20:00:00,283.03,283.35,282.77,283.0,2441897
787,2020-04-24 20:30:00,283.04,283.15,282.95,283.0,316713
788,2020-04-24 21:00:00,283.01,283.05,282.82,282.95,284328
789,2020-04-24 21:30:00,282.96,283.25,282.96,283.25,54114
790,2020-04-24 22:00:00,283.2499,283.2499,283.03,283.15,22779
791,2020-04-24 22:30:00,283.15,283.2,282.97,283.12,24514
792,2020-04-24 23:00:00,283.15,283.15,283.0,283.0,13005
793,2020-04-24 23:30:00,283.0,283.35,283.0,283.35,47233
794,2020-04-27 00:00:00,283.0,283.0,282.0,282.57,10827
795,2020-04-27 00:30:00,282.58,283.0,282.01,282.99,7391
796,2020-04-27 01:00:00,282.99,283.0,282.58,282.97,3468
797,2020-04-27 01:30:00,283.0,283.81,283.0,283.78,1044
798,2020-04-27 02:00:00,283.58,284.18,283.58,284.0,2985
799,2020-04-27 02:30:00,284.06,284.41,283.92,283.95,2945
800,2020-04-27 03:00:00,284.01,284.73,284.0,284.46,5378
801,2020-04-27 03:30:00,284.48,284.54,284.07,284.54,4848
802,2020-04-27 04:00:00,284.74,284.98,284.57,284.98,2819
803,2020-04-27 04:30:00,284.85,286.18,284.85,286.18,3894
804,2020-04-27 05:00:00,286.3,286.4,285.82,286.39,665
805,2020-04-27 05:30:00,286.37,286.65,285.93,286.16,668
806,2020-04-27 06:00:00,286.05,286.05,285.1,285.21,3242
807,2020-04-27 06:30:00,285.09,285.09,284.54,284.69,1906
808,2020-04-27 07:00:00,284.7,285.11,284.64,285.11,569
809,2020-04-27 07:30:00,284.97,286.13,284.97,285.78,1291
810,2020-04-27 08:00:00,285.69,285.8,284.89,285.23,59243
811,2020-04-27 08:30:00,285.18,285.9,284.98,285.59,79507
812,2020-04-27 09:00:00,285.61,286.15,285.25,286.1,57706
813,2020-04-27 09:30:00,286.16,286.43,286.0,286.18,143156
814,2020-04-27 10:00:00,285.98,286.03,285.6,285.78,54405
815,2020-04-27 10:30:00,285.78,285.92,285.4,285.41,124422
816,2020-04-27 11:00:00,285.46,285.69,285.2,285.64,200214
817,2020-04-27 11:30:00,285.68,285.94,285.54,285.6101,167713
818,2020-04-27 12:00:00,285.61,286.2,285.59,285.96,334417
819,2020-04-27 12:30:00,286.0,286.5,285.68,285.73,303764
820,2020-04-27 13:00:00,285.77,286.17,284.98,284.99,318942
821,2020-04-27 13:30:00,285.09,285.75,284.62,285.52,5761035
822,2020-04-27 14:00:00,285.52,286.29,285.16,285.85,5135660
823,2020-04-27 14:30:00,285.84,286.41,285.5,285.69,4144255
824,2020-04-27 15:00:00,285.68,286.67,285.42,286.6199,3087557
825,2020-04-27 15:30:00,286.615,287.21,286.5,286.91,3646322
826,2020-04-27 16:00:00,286.91,287.0,286.42,286.7,2846759
827,2020-04-27 16:30:00,286.7011,287.35,286.7,287.07,3398830
828,2020-04-27 17:00:00,287.07,287.09,286.17,286.5425,3058972
829,2020-04-27 17:30:00,286.54,286.71,286.1,286.515,2546115
830,2020-04-27 18:00:00,286.51,287.13,286.51,286.857,2003101
831,2020-04-27 18:30:00,286.86,287.6,286.765,287.36,3533025
832,2020-04-27 19:00:00,287.36,287.9,287.26,287.5184,4763828
833,2020-04-27 19:30:00,287.515,288.27,287.04,287.11,11594418
834,2020-04-27 20:00:00,287.12,287.3,286.75,287.11,2620293
835,2020-04-27 20:30:00,287.1,287.53,286.91,286.91,685471
836,2020-04-27 21:00:00,287.01,287.05,286.9,287.0,68139
837,2020-04-27 21:30:00,287.01,287.12,286.88,287.06,74303
838,2020-04-27 22:00:00,287.06,287.08,286.47,287.06,168724
839,2020-04-27 22:30:00,287.0,287.0,286.74,286.79,62407
840,2020-04-27 23:00:00,286.79,287.43,286.79,287.08,61309
841,2020-04-27 23:30:00,287.08,287.18,286.81,286.97,67271
842,2020-04-28 00:00:00,286.78,287.1,286.71,287.04,2011
843,2020-04-28 00:30:00,287.02,287.55,287.02,287.48,1465
844,2020-04-28 01:00:00,287.25,287.26,286.3,286.49,4676
845,2020-04-28 01:30:00,286.48,286.49,285.77,285.77,5742
846,2020-04-28 02:00:00,285.77,286.12,285.74,285.99,1987
847,2020-04-28 02:30:00,285.9,286.35,285.9,286.34,702
848,2020-04-28 03:00:00,286.09,286.14,285.74,285.94,1585
849,2020-04-28 03:30:00,286.08,286.2,285.92,285.94,1205
850,2020-04-28 04:00:00,285.81,285.81,285.46,285.65,2750
851,2020-04-28 04:30:00,285.71,286.1,285.71,286.1,471
852,2020-04-28 05:00:00,286.06,286.74,286.06,286.62,1521
853,2020-04-28 05:30:00,286.62,286.9,286.51,286.9,845
854,2020-04-28 06:00:00,286.8,286.99,286.8,286.96,540
855,2020-04-28 06:30:00,286.95,286.95,286.41,286.41,395
856,2020-04-28 07:00:00,286.44,287.42,286.44,287.42,628
857,2020-04-28 07:30:00,287.08,288.25,287.08,288.24,1364
858,2020-04-28 08:00:00,288.2,288.2,287.58,287.92,29256
859,2020-04-28 08:30:00,287.8,288.26,287.71,287.88,13186
860,2020-04-28 09:00:00,287.91,290.16,287.91,289.81,119096
861,2020-04-28 09:30:00,289.79,290.66,289.6,290.61,109248
862,2020-04-28 10:00:00,290.7,290.95,290.2,290.25,69526
863,2020-04-28 10:30:00,290.3,290.8,290.23,290.29,99037
864,2020-04-28 11:00:00,290.26,290.75,290.02,290.74,370111
865,2020-04-28 11:30:00,290.75,290.84,290.4,290.84,320648
866,2020-04-28 12:00:00,290.84,291.08,290.49,290.9,374705
867,2020-04-28 12:30:00,290.93,291.42,290.8,291.37,868284
868,2020-04-28 13:00:00,291.32,291.45,290.81,291.04,539907
869,2020-04-28 13:30:00,291.02,291.4,289.45,289.48,11170005
870,2020-04-28 14:00:00,289.46,289.99,288.53,288.83,8117573
871,2020-04-28 14:30:00,288.84,288.95,285.62,285.82,9370437
872,2020-04-28 15:00:00,285.84,287.44,285.58,287.27,7337122
873,2020-04-28 15:30:00,287.29,287.79,286.5101,286.81,4601616
874,2020-04-28 16:00:00,286.84,287.4584,285.7,286.41,4686635
875,2020-04-28 16:30:00,286.42,287.52,286.19,287.31,3281791
876,2020-04-28 17:00:00,287.32,287.64,287.035,287.41,2833997
877,2020-04-28 17:30:00,287.415,288.02,287.0,287.45,3129831
878,2020-04-28 18:00:00,287.45,288.36,287.45,288.09,3345791
879,2020-04-28 18:30:00,288.0901,288.33,287.07,287.347,4071914
880,2020-04-28 19:00:00,287.35,288.09,286.8,287.535,5068157
881,2020-04-28 19:30:00,287.53,287.69,285.4,285.77,12252642
882,2020-04-28 20:00:00,285.78,287.7804,285.64,286.78,3892998
883,2020-04-28 20:30:00,286.78,286.92,285.73,286.28,687356
884,2020-04-28 21:00:00,286.22,286.78,286.2,286.69,107479
885,2020-04-28 21:30:00,286.69,287.14,285.73,287.12,102468
886,2020-04-28 22:00:00,287.14,287.4,286.61,287.08,132089
887,2020-04-28 22:30:00,287.1,287.1,286.36,286.62,143261
888,2020-04-28 23:00:00,286.65,287.38,286.33,287.23,72523
889,2020-04-28 23:30:00,287.21,287.75,287.21,287.39,91612
890,2020-04-29 00:00:00,287.67,288.13,287.48,288.0,1743
891,2020-04-29 00:30:00,288.0,288.25,287.86,287.94,3470
892,2020-04-29 01:00:00,287.99,289.92,287.94,289.75,11051
893,2020-04-29 01:30:00,289.67,290.03,289.41,289.57,5408
894,2020-04-29 02:00:00,289.6,290.0,289.31,290.0,2880
895,2020-04-29 02:30:00,290.0,290.0,289.8,290.0,106
896,2020-04-29 03:00:00,290.15,290.27,289.55,289.7,2668
897,2020-04-29 03:30:00,289.7,290.15,289.66,290.15,931
898,2020-04-29 04:00:00,290.13,290.63,289.96,289.96,1909
899,2020-04-29 04:30:00,289.88,290.31,289.63,290.31,3247
900,2020-04-29 05:00:00,290.37,290.55,289.98,290.12,2107
901,2020-04-29 05:30:00,290.12,290.12,289.78,290.0,860
902,2020-04-29 06:00:00,290.0,290.05,288.87,288.87,5015
903,2020-04-29 06:30:00,289.07,289.27,289.02,289.27,2556
904,2020-04-29 07:00:00,289.27,289.49,288.8,288.8,3049
905,2020-04-29 07:30:00,288.78,289.21,288.7,289.21,1643
906,2020-04-29 08:00:00,289.47,289.48,288.81,289.07,44398
907,2020-04-29 08:30:00,289.06,289.69,289.04,289.69,11557
908,2020-04-29 09:00:00,289.66,289.87,289.63,289.87,10670
909,2020-04-29 09:30:00,289.82,289.84,289.32,289.5,8615
910,2020-04-29 10:00:00,289.57,289.57,288.82,288.82,21402
911,2020-04-29 10:30:00,288.79,289.35,288.6,289.35,147060
912,2020-04-29 11:00:00,289.32,289.53,288.53,288.61,750771
913,2020-04-29 11:30:00,288.6,288.92,288.21,288.46,258424
914,2020-04-29 12:00:00,288.5,290.0,288.39,289.66,534404
915,2020-04-29 12:30:00,289.81,292.5,289.72,292.33,4216083
916,2020-04-29 13:00:00,292.33,292.88,291.5,291.53,1606193
917,2020-04-29 13:30:00,291.54,292.04,290.41,291.98,10740890
918,2020-04-29 14:00:00,291.96,292.1,290.8,292.0801,7373288
919,2020-04-29 14:30:00,292.1,292.67,291.76,292.39,5170302
920,2020-04-29 15:00:00,292.39,292.97,291.91,292.78,4907861
921,2020-04-29 15:30:00,292.78,293.14,292.28,292.8899,5620384
922,2020-04-29 16:00:00,292.8843,293.66,292.8843,293.59,4657235
923,2020-04-29 16:30:00,293.59,294.37,293.58,293.94,4838219
924,2020-04-29 17:00:00,293.95,294.58,293.95,294.01,4137097
925,2020-04-29 17:30:00,294.0,294.1,293.38,293.69,4533370
926,2020-04-29 18:00:00,293.69,294.05,292.51,293.4199,6881859
927,2020-04-29 18:30:00,293.415,294.12,293.02,293.97,5340447
928,2020-04-29 19:00:00,293.99,294.87,293.87,294.79,6625021
929,2020-04-29 19:30:00,294.8,294.88,293.08,293.19,15941266
930,2020-04-29 20:00:00,293.18,294.78,293.09,294.7,4673691
931,2020-04-29 20:30:00,294.7,296.1,294.48,296.0,1154993
932,2020-04-29 21:00:00,296.02,296.02,295.18,295.68,363554
933,2020-04-29 21:30:00,295.62,295.87,293.21,295.82,146972
934,2020-04-29 22:00:00,295.86,295.86,294.86,295.05,342372
935,2020-04-29 22:30:00,295.05,295.26,295.0,295.12,43724
936,2020-04-29 23:00:00,295.12,295.12,294.64,294.71,100163
937,2020-04-29 23:30:00,294.75,295.22,294.71,294.8,159487
938,2020-04-30 00:00:00,294.77,294.77,294.2,294.52,4487
939,2020-04-30 00:30:00,294.5,294.57,293.75,294.18,5679
940,2020-04-30 01:00:00,294.2,294.4,294.18,294.26,6937
941,2020-04-30 01:30:00,294.3,294.53,293.84,294.2,2930
942,2020-04-30 02:00:00,294.2,294.6,294.16,294.6,946
943,2020-04-30 02:30:00,294.44,295.05,294.44,294.79,829
944,2020-04-30 03:00:00,295.04,295.15,294.66,295.15,6106
945,2020-04-30 03:30:00,295.17,296.0,295.17,296.0,1534
946,2020-04-30 04:00:00,295.95,296.43,295.73,296.43,1590
947,2020-04-30 04:30:00,296.52,296.8,296.11,296.23,1577
948,2020-04-30 05:00:00,296.2,296.52,296.08,296.1,2084
949,2020-04-30 05:30:00,296.0,296.5,295.83,296.5,324
950,2020-04-30 06:00:00,295.9,295.9,295.18,295.18,729
951,2020-04-30 06:30:00,295.3,295.74,295.2,295.73,508
952,2020-04-30 07:00:00,295.6,295.65,294.51,294.51,3042
953,2020-04-30 07:30:00,294.53,294.88,294.29,294.29,3389
954,2020-04-30 08:00:00,294.4,294.66,294.11,294.4,67827
955,2020-04-30 08:30:00,294.58,295.42,294.38,294.38,61005
956,2020-04-30 09:00:00,294.51,294.74,294.26,294.71,13097
957,2020-04-30 09:30:00,294.7,295.07,294.57,294.9,58257
958,2020-04-30 10:00:00,295.11,295.3,294.4,294.49,31224
959,2020-04-30 10:30:00,294.26,294.32,293.08,293.53,228203
960,2020-04-30 11:00:00,293.58,293.78,292.91,292.97,503663
961,2020-04-30 11:30:00,292.98,293.8,292.24,292.33,665121
962,2020-04-30 12:00:00,292.36,293.04,292.21,292.64,406889
963,2020-04-30 12:30:00,292.67,293.29,291.11,291.15,1031449
964,2020-04-30 13:00:00,291.14,291.71,290.4,291.71,1088813
965,2020-04-30 13:30:00,291.71,291.73,289.58,291.24,12732340
966,2020-04-30 14:00:00,291.23,292.15,290.62,292.02,8071834
967,2020-04-30 14:30:00,292.01,292.235,290.575,291.04,6866347
968,2020-04-30 15:00:00,291.04,291.91,290.77,290.8,5544379
969,2020-04-30 15:30:00,290.792,291.32,289.55,289.6,4804067
970,2020-04-30 16:00:00,289.585,289.68,288.78,289.2,5822802
971,2020-04-30 16:30:00,289.18,290.125,288.59,289.98,6113981
972,2020-04-30 17:00:00,289.96,290.42,289.33,289.7637,3433209
973,2020-04-30 17:30:00,289.75,289.96,289.11,289.21,3464197
974,2020-04-30 18:00:00,289.21,289.95,288.86,289.7169,3035955
975,2020-04-30 18:30:00,289.71,290.21,288.95,289.33,4603150
976,2020-04-30 19:00:00,289.33,290.9,289.115,290.56,5459201
977,2020-04-30 19:30:00,290.55,291.18,289.58,290.39,16033568
978,2020-04-30 20:00:00,290.39,290.65,289.09,289.73,5547497
979,2020-04-30 20:30:00,289.77,290.6288,288.12,288.55,3396388
980,2020-04-30 21:00:00,288.63,289.0,287.55,287.72,279201
981,2020-04-30 21:30:00,287.62,290.48,287.35,287.45,590410
982,2020-04-30 22:00:00,287.42,287.44,285.61,286.5,882238
983,2020-04-30 22:30:00,286.55,287.0,286.1,287.0,161180
984,2020-04-30 23:00:00,287.03,287.31,286.8,287.13,91783
985,2020-04-30 23:30:00,287.22,287.8,287.0,287.7,167355
986,2020-05-01 00:00:00,287.69,287.87,287.02,287.2,2202
